id,race,gender
6001,white,male
6002,white,male
6003,white,male
6004,minority,female
6005,white,female
6006,white,female
6007,white,female
6008,white,female
6009,white,female
6010,white,female
6011,white,male
6012,white,male
6013,white,male
6014,white,female
6015,white,male
6016,white,female
6017,white,male
6018,white,female
6019,white,female
6020,minority,male
6021,white,female
6022,white,female
6023,minority,female
6024,white,male
6025,white,male
6026,white,female
6027,white,female
6028,minority,female
6029,white,female
6030,white,female
6031,white,female
6032,white,female
6033,white,male
6034,minority,male
6035,white,female
6036,white,female
6037,white,male
6038,white,male
6039,white,female
6040,minority,female
6041,white,female
6042,white,female
6043,minority,female
6044,white,male
6045,white,female
6046,minority,male
6047,minority,female
6048,white,female
6049,white,male
6050,white,female
6051,white,male
6052,minority,female
6053,white,male
6054,white,male
6055,white,male
6056,white,female
6057,white,male
6058,white,male
6059,minority,male
6060,white,female
6061,white,female
6062,minority,male
6063,minority,female
6064,white,male
6065,white,female
6066,white,female
6067,white,male
6068,white,male
6069,white,female
6070,minority,female
6071,white,female
6072,white,male
6073,white,male
6074,white,male
6075,minority,male
6076,minority,female
6077,minority,male
6078,white,male
6079,white,female
6080,minority,male
6081,white,female
6082,white,female
6083,white,male
6084,white,female
6085,minority,female
6086,white,male
6087,minority,female
6088,minority,female
6089,minority,female
6090,white,male
6091,minority,female
6092,white,male
6093,white,female
6094,white,female
6095,minority,female
6096,minority,female
6097,white,male
6098,white,male
6099,white,male
6100,white,male
6101,white,male
6102,white,male
6103,white,female
6104,white,male
6105,white,male
6106,white,female
6107,white,female
6108,white,female
6109,white,female
6110,white,female
6111,white,male
6112,white,female
6113,white,female
6114,white,female
6115,white,male
6116,minority,female
6117,white,female
6118,white,female
6119,white,female
6120,white,male
6121,minority,female
6122,minority,female
6123,white,female
6124,white,female
6125,white,female
6126,minority,female
6127,white,female
6128,white,female
6129,white,male
6130,white,female
6131,white,male
6132,white,male
6133,white,male
6134,white,female
6135,white,female
6136,white,female
6137,white,male
6138,white,female
6139,white,male
6140,white,male
6141,white,female
6142,white,male
6143,white,female
6144,minority,female
6145,minority,female
6146,white,female
6147,white,male
6148,white,male
6149,white,male
6150,white,male
6151,white,female
6152,white,female
6153,white,male
6154,white,female
6155,white,female
6156,white,male
6157,minority,male
6158,white,male
6159,white,female
6160,white,female
6161,white,female
6162,white,female
6163,white,female
6164,white,male
6165,white,female
6166,white,female
6167,white,male
6168,minority,female
6169,white,female
6170,white,female
6171,white,female
6172,white,female
6173,minority,male
6174,white,female
6175,minority,female
6176,white,female
6177,white,female
6178,white,female
6179,white,male
6180,minority,female
6181,white,male
6182,white,male
6183,white,female
6184,white,female
6185,white,female
6186,white,female
6187,minority,male
6188,white,female
6189,white,female
6190,white,female
6191,white,female
6192,white,female
6193,white,male
6194,white,male
6195,white,female
6196,minority,male
6197,white,female
6198,white,female
6199,white,male
6200,white,male
6201,white,male
6202,white,male
6203,white,male
6204,minority,female
6205,white,female
6206,white,male
6207,minority,female
6208,minority,female
6209,white,female
6210,white,female
6211,white,male
6212,white,male
6213,minority,male
6214,white,female
6215,white,female
6216,white,male
6217,white,female
6218,white,male
6219,minority,male
6220,white,female
6221,white,male
6222,white,male
6223,minority,female
6224,white,female
6225,white,male
6226,white,female
6227,white,male
6228,white,male
6229,minority,male
6230,minority,female
6231,white,male
6232,white,male
6233,white,female
6234,white,male
6235,white,male
6236,white,male
6237,white,male
6238,white,female
6239,white,male
6240,white,male
6241,minority,female
6242,white,female
6243,white,female
6244,minority,male
6245,white,male
6246,white,male
6247,white,female
6248,minority,male
6249,white,male
6250,white,male
6251,white,female
6252,white,male
6253,white,female
6254,white,male
6255,white,male
6256,white,female
6257,white,male
6258,white,female
6259,white,female
6260,white,female
6261,white,female
6262,white,male
6263,white,female
6264,minority,female
6265,minority,female
6266,white,male
6267,white,male
6268,white,female
6269,minority,female
6270,white,female
6271,minority,male
6272,white,male
6273,white,female
6274,minority,male
6275,white,female
6276,white,male
6277,white,female
6278,white,female
6279,white,female
6280,white,male
6281,white,female
6282,white,male
6283,white,female
6284,white,female
6285,white,male
6286,white,female
6287,white,female
6288,white,female
6289,white,male
6290,white,female
6291,minority,male
6292,minority,female
6293,white,female
6294,minority,female
6295,white,male
6296,minority,female
6297,white,female
6298,white,female
6299,white,female
6300,white,female
6301,white,female
6302,white,male
6303,minority,male
6304,white,female
6305,white,female
6306,minority,male
6307,white,female
6308,white,female
6309,white,female
6310,white,male
6311,white,female
6312,white,female
6313,minority,female
6314,minority,male
6315,minority,female
6316,white,female
6317,white,male
6318,minority,female
6319,white,female
6320,white,female
6321,minority,female
6322,minority,female
6323,white,male
6324,white,male
6325,white,male
6326,white,male
6327,minority,male
6328,minority,female
6329,white,female
6330,white,female
6331,white,male
6332,white,female
6333,white,male
6334,minority,female
6335,white,male
6336,white,male
6337,minority,female
6338,white,female
6339,white,female
6340,white,male
6341,white,male
6342,white,male
6343,minority,female
6344,white,female
6345,white,female
6346,white,female
6347,minority,female
6348,minority,female
6349,white,male
6350,white,female
6351,white,female
6352,white,female
6353,white,male
6354,white,female
6355,white,female
6356,minority,female
6357,minority,female
6358,white,male
6359,white,female
6360,white,male
6361,white,female
6362,minority,female
6363,white,female
6364,white,male
6365,white,male
6366,white,female
6367,white,male
6368,white,female
6369,white,female
6370,white,female
6371,white,female
6372,white,female
6373,white,male
6374,white,female
6375,white,female
6376,white,male
6377,minority,female
6378,white,male
6379,white,male
6380,minority,male
6381,white,male
6382,white,female
6383,white,female
6384,white,female
6385,white,male
6386,minority,female
6387,white,male
6388,white,male
6389,white,male
6390,white,female
6391,white,female
6392,white,male
6393,minority,female
6394,white,male
6395,minority,male
6396,white,female
6397,white,female
6398,minority,male
6399,white,female
6400,white,male
6401,white,female
6402,white,female
6403,white,female
6404,minority,female
6405,white,male
6406,white,female
6407,white,male
6408,white,female
6409,white,female
6410,white,female
6411,white,female
6412,white,male
6413,white,female
6414,white,male
6415,white,female
6416,white,female
6417,white,female
6418,minority,male
6419,minority,female
6420,white,female
6421,white,female
6422,white,female
6423,white,female
6424,white,female
6425,white,female
6426,white,male
6427,white,male
6428,minority,female
6429,white,female
6430,minority,female
6431,white,male
6432,minority,female
6433,minority,female
6434,white,male
6435,white,male
6436,white,male
6437,minority,female
6438,white,male
6439,white,female
6440,white,female
6441,white,female
6442,minority,male
6443,white,female
6444,white,female
6445,white,female
6446,white,female
6447,white,female
6448,white,female
6449,white,male
6450,white,female
6451,white,female
6452,white,male
6453,white,female
6454,white,male
6455,white,female
6456,white,female
6457,minority,male
6458,white,male
6459,white,male
6460,white,male
6461,white,male
6462,minority,female
6463,white,female
6464,minority,female
6465,white,male
6466,white,female
6467,white,female
6468,white,female
6469,white,female
6470,white,male
6471,white,male
6472,minority,male
6473,minority,female
6474,white,female
6475,white,female
6476,white,male
6477,white,female
6478,minority,male
6479,white,male
6480,white,male
6481,white,male
6482,white,male
6483,white,female
6484,white,female
6485,white,female
6486,white,male
6487,white,male
6488,white,male
6489,white,male
6490,minority,female
6491,minority,female
6492,white,female
6493,white,female
6494,white,female
6495,white,male
6496,white,male
6497,minority,female
6498,white,male
6499,white,female
6500,white,female
6501,white,male
6502,white,female
6503,minority,female
6504,minority,female
6505,white,male
6506,minority,male
6507,white,male
6508,white,male
6509,minority,female
6510,white,female
6511,white,female
6512,white,female
6513,white,female
6514,white,male
6515,white,female
6516,white,female
6517,white,female
6518,white,male
6519,white,male
6520,white,female
6521,minority,female
6522,minority,female
6523,white,female
6524,minority,female
6525,white,male
6526,white,female
6527,white,male
6528,white,male
6529,white,female
6530,white,male
6531,white,female
6532,minority,male
6533,minority,female
6534,white,female
6535,minority,female
6536,minority,female
6537,white,female
6538,minority,female
6539,minority,female
6540,white,female
6541,white,female
6542,minority,female
6543,white,female
6544,white,female
6545,minority,male
6546,white,male
6547,white,female
6548,minority,male
6549,white,female
6550,white,male
6551,minority,female
6552,white,female
6553,white,female
6554,white,male
6555,minority,female
6556,white,male
6557,white,male
6558,white,female
6559,white,female
6560,white,female
6561,white,male
6562,white,female
6563,white,female
6564,white,male
6565,white,female
6566,white,female
6567,white,female
6568,white,female
6569,white,female
6570,white,male
6571,white,female
6572,white,female
6573,white,male
6574,minority,male
6575,white,male
6576,white,female
6577,white,female
6578,white,female
6579,white,female
6580,white,female
6581,white,female
6582,white,female
6583,minority,male
6584,white,male
6585,white,female
6586,white,male
6587,white,male
6588,white,female
6589,white,male
6590,minority,male
6591,white,female
6592,white,female
6593,minority,male
6594,white,female
6595,minority,female
6596,minority,male
6597,white,male
6598,white,male
6599,white,male
6600,white,male
6601,white,male
6602,white,male
6603,white,female
6604,white,female
6605,white,female
6606,white,female
6607,white,male
6608,white,female
6609,white,male
6610,white,female
6611,minority,female
6612,white,female
6613,white,male
6614,white,male
6615,white,female
6616,white,female
6617,white,male
6618,white,female
6619,minority,female
6620,white,female
6621,white,male
6622,white,female
6623,white,female
6624,minority,male
6625,minority,female
6626,white,female
6627,white,male
6628,white,female
6629,minority,male
6630,white,female
6631,minority,female
6632,minority,female
6633,white,female
6634,white,male
6635,white,female
6636,white,male
6637,white,female
6638,white,female
6639,white,female
6640,white,female
6641,white,male
6642,minority,female
6643,white,male
6644,white,male
6645,minority,male
6646,white,male
6647,white,female
6648,white,female
6649,white,male
6650,white,female
6651,white,male
6652,white,male
6653,white,female
6654,white,female
6655,white,female
6656,white,female
6657,white,female
6658,white,female
6659,white,female
6660,minority,female
6661,white,female
6662,white,male
6663,minority,female
6664,white,female
6665,white,male
6666,white,male
6667,white,female
6668,white,male
6669,minority,female
6670,white,male
6671,minority,female
6672,white,male
6673,white,female
6674,white,male
6675,white,male
6676,white,female
6677,white,female
6678,white,female
6679,white,female
6680,white,male
6681,white,male
6682,minority,female
6683,white,male
6684,white,female
6685,white,female
6686,white,male
6687,white,female
6688,white,female
6689,white,female
6690,white,male
6691,white,male
6692,white,female
6693,white,male
6694,white,male
6695,minority,male
6696,white,female
6697,minority,male
6698,minority,female
6699,white,female
6700,minority,female
6701,white,female
6702,white,male
6703,white,female
6704,white,female
6705,minority,male
6706,white,female
6707,white,female
6708,white,female
6709,white,female
6710,minority,female
6711,white,male
6712,white,male
6713,white,female
6714,white,female
6715,minority,female
6716,minority,female
6717,minority,female
6718,white,male
6719,white,male
6720,white,male
6721,white,female
6722,white,female
6723,white,female
6724,white,male
6725,minority,female
6726,white,male
6727,white,male
6728,white,male
6729,minority,male
6730,white,male
6731,white,male
6732,white,male
6733,white,female
6734,white,male
6735,white,female
6736,white,female
6737,white,male
6738,minority,male
6739,minority,female
6740,white,female
6741,white,female
6742,white,female
6743,white,female
6744,white,male
6745,white,male
6746,white,female
6747,white,female
6748,white,male
6749,white,male
6750,white,female
6751,minority,female
6752,white,female
6753,minority,female
6754,minority,female
6755,minority,male
6756,white,male
6757,white,male
6758,white,female
6759,white,female
6760,white,female
6761,white,male
6762,white,male
6763,white,male
6764,white,male
6765,white,male
6766,white,male
6767,white,male
6768,white,female
6769,minority,male
6770,white,female
6771,white,male
6772,minority,female
6773,white,female
6774,minority,female
6775,white,male
6776,white,female
6777,white,male
6778,white,female
6779,white,male
6780,white,female
6781,white,female
6782,white,male
6783,white,female
6784,white,male
6785,minority,female
6786,white,female
6787,white,female
6788,white,male
6789,white,male
6790,minority,female
6791,white,male
6792,white,male
6793,minority,male
6794,minority,male
6795,white,female
6796,white,female
6797,white,female
6798,minority,male
6799,white,male
6800,white,female
6801,white,male
6802,minority,male
6803,white,male
6804,minority,female
6805,white,male
6806,white,male
6807,white,male
6808,white,male
6809,white,male
6810,white,female
6811,white,female
6812,white,male
6813,white,male
6814,white,male
6815,minority,female
6816,white,male
6817,white,female
6818,white,female
6819,minority,female
6820,white,male
6821,white,female
6822,white,male
6823,minority,male
6824,white,female
6825,white,male
6826,minority,female
6827,white,female
6828,white,female
6829,minority,female
6830,white,female
6831,white,female
6832,white,male
6833,white,male
6834,white,male
6835,white,male
6836,minority,male
6837,minority,male
6838,white,female
6839,white,male
6840,white,female
6841,minority,male
6842,white,female
6843,white,female
6844,white,female
6845,white,female
6846,white,female
6847,white,female
6848,white,male
6849,white,female
6850,white,female
6851,white,female
6852,minority,female
6853,white,female
6854,white,female
6855,white,male
6856,minority,female
6857,white,female
6858,white,male
6859,white,male
6860,white,female
6861,minority,female
6862,white,female
6863,white,male
6864,white,female
6865,white,female
6866,white,male
6867,minority,male
6868,white,female
6869,white,male
6870,white,female
6871,white,male
6872,white,female
6873,white,male
6874,minority,female
6875,white,female
6876,white,female
6877,white,male
6878,white,female
6879,white,female
6880,minority,female
6881,white,male
6882,white,male
6883,minority,male
6884,white,female
6885,white,female
6886,white,male
6887,white,male
6888,minority,male
6889,white,female
6890,minority,male
6891,white,male
6892,minority,female
6893,minority,male
6894,white,female
6895,white,male
6896,white,male
6897,white,male
6898,white,female
6899,white,female
6900,white,female
6901,white,male
6902,white,female
6903,white,female
6904,white,female
6905,white,female
6906,minority,male
6907,white,male
6908,white,male
6909,white,female
6910,white,female
6911,white,female
6912,white,male
6913,minority,female
6914,minority,male
6915,white,male
6916,minority,female
6917,minority,female
6918,white,male
6919,white,male
6920,white,female
6921,white,male
6922,white,female
6923,minority,female
6924,minority,male
6925,white,male
6926,minority,male
6927,white,female
6928,minority,female
6929,white,male
6930,minority,female
6931,white,male
6932,white,male
6933,minority,male
6934,white,female
6935,white,male
6936,white,male
6937,white,female
6938,white,male
6939,white,female
6940,minority,female
6941,white,female
6942,white,male
6943,white,female
6944,white,female
6945,white,male
6946,white,female
6947,white,male
6948,white,female
6949,white,female
6950,white,male
6951,white,female
6952,white,female
6953,white,female
6954,white,female
6955,white,male
6956,minority,female
6957,minority,male
6958,white,male
6959,minority,male
6960,white,male
6961,white,female
6962,white,male
6963,white,female
6964,white,female
6965,white,male
6966,white,male
6967,white,male
6968,white,male
6969,white,female
6970,white,female
6971,minority,female
6972,minority,female
6973,white,male
6974,white,male
6975,white,female
6976,white,female
6977,white,female
6978,white,female
6979,white,male
6980,white,male
6981,white,female
6982,minority,male
6983,white,female
6984,white,female
6985,minority,female
6986,white,female
6987,white,male
6988,white,male
6989,white,male
6990,white,male
6991,minority,female
6992,minority,female
6993,minority,male
6994,white,male
6995,white,female
6996,white,female
6997,minority,male
6998,white,female
6999,white,female
7000,white,female
7001,white,female
7002,white,male
7003,white,male
7004,minority,male
7005,minority,female
7006,white,female
7007,white,female
7008,white,male
7009,white,male
7010,minority,male
7011,white,male
7012,white,male
7013,minority,female
7014,white,male
7015,white,male
7016,minority,female
7017,white,female
7018,white,female
7019,white,female
7020,white,female
7021,white,female
7022,minority,male
7023,minority,male
7024,white,female
7025,white,male
7026,white,male
7027,white,female
7028,white,female
7029,white,female
7030,white,female
7031,white,female
7032,white,male
7033,white,male
7034,white,male
7035,white,male
7036,minority,female
7037,minority,male
7038,white,male
7039,minority,female
7040,white,male
7041,minority,female
7042,white,male
7043,white,female
7044,white,female
7045,white,female
7046,white,male
7047,white,male
7048,white,female
7049,white,female
7050,minority,male
7051,white,male
7052,white,female
7053,minority,female
7054,white,female
7055,white,male
7056,white,female
7057,white,male
7058,white,male
7059,white,female
7060,white,male
7061,white,female
7062,white,male
7063,white,female
7064,white,female
7065,white,male
7066,white,male
7067,white,male
7068,white,female
7069,white,female
7070,white,male
7071,minority,female
7072,white,female
7073,white,female
7074,white,female
7075,white,male
7076,white,female
7077,white,female
7078,minority,male
7079,white,female
7080,white,male
7081,white,female
7082,white,female
7083,white,female
7084,minority,female
7085,white,female
7086,white,female
7087,white,male
7088,white,female
7089,white,male
7090,white,male
7091,white,male
7092,white,male
7093,white,female
7094,minority,male
7095,white,female
7096,minority,female
7097,white,female
7098,white,female
7099,white,female
7100,minority,female
7101,minority,female
7102,white,male
7103,white,female
7104,minority,female
7105,white,female
7106,white,male
7107,white,male
7108,white,female
7109,white,male
7110,white,female
7111,minority,female
7112,white,male
7113,white,male
7114,minority,male
7115,white,female
7116,minority,male
7117,white,male
7118,white,male
7119,minority,male
7120,white,female
7121,white,female
7122,white,male
7123,minority,female
7124,minority,male
7125,minority,female
7126,white,female
7127,white,male
7128,white,female
7129,minority,female
7130,minority,female
7131,white,female
7132,minority,female
7133,white,male
7134,white,female
7135,white,male
7136,minority,female
7137,minority,male
7138,white,female
7139,minority,male
7140,minority,male
7141,white,female
7142,minority,male
7143,white,female
7144,white,female
7145,minority,female
7146,white,male
7147,white,female
7148,white,male
7149,minority,female
7150,white,female
7151,minority,female
7152,white,female
7153,minority,male
7154,white,female
7155,white,male
7156,white,female
7157,white,male
7158,white,female
7159,white,male
7160,white,female
7161,white,female
7162,minority,male
7163,white,female
7164,white,male
7165,white,female
7166,white,male
7167,white,male
7168,white,male
7169,white,male
7170,white,male
7171,minority,male
7172,white,male
7173,white,female
7174,minority,female
7175,white,female
7176,white,female
7177,white,male
7178,white,female
7179,minority,female
7180,minority,male
7181,white,female
7182,white,female
7183,white,male
7184,white,female
7185,white,male
7186,minority,male
7187,white,female
7188,white,female
7189,white,male
7190,white,male
7191,minority,female
7192,white,female
7193,white,male
7194,white,female
7195,white,female
7196,minority,female
7197,white,female
7198,minority,female
7199,white,male
7200,white,female
7201,minority,male
7202,white,male
7203,white,female
7204,white,male
7205,minority,female
7206,white,male
7207,white,female
7208,white,male
7209,white,male
7210,minority,male
7211,white,female
7212,minority,female
7213,minority,male
7214,white,male
7215,white,female
7216,white,male
7217,white,female
7218,white,male
7219,white,female
7220,white,female
7221,white,male
7222,white,female
7223,minority,female
7224,white,female
7225,white,male
7226,white,female
7227,white,female
7228,white,male
7229,white,female
7230,white,female
7231,minority,female
7232,white,female
7233,minority,female
7234,white,male
7235,white,female
7236,minority,female
7237,white,female
7238,white,female
7239,white,female
7240,white,female
7241,white,female
7242,minority,female
7243,minority,male
7244,minority,female
7245,minority,female
7246,white,male
7247,white,male
7248,white,male
7249,white,male
7250,minority,female
7251,white,male
7252,white,female
7253,white,female
7254,white,female
7255,white,male
7256,minority,female
7257,minority,female
7258,white,female
7259,white,female
7260,white,female
7261,white,female
7262,white,female
7263,white,male
7264,minority,female
7265,minority,male
7266,white,female
7267,white,male
7268,minority,male
7269,white,male
7270,minority,male
7271,minority,male
7272,white,female
7273,minority,male
7274,white,female
7275,white,male
7276,white,male
7277,white,female
7278,white,female
7279,white,male
7280,minority,female
7281,white,female
7282,white,female
7283,minority,female
7284,white,female
7285,white,female
7286,white,male
7287,white,female
7288,white,female
7289,white,male
7290,white,female
7291,white,female
7292,white,female
7293,white,female
7294,white,male
7295,white,female
7296,white,female
7297,white,male
7298,white,male
7299,white,female
7300,minority,male
7301,white,female
7302,white,male
7303,white,male
7304,white,male
7305,white,male
7306,minority,male
7307,white,male
7308,minority,female
7309,white,female
7310,white,female
7311,white,male
7312,minority,female
7313,white,female
7314,white,female
7315,white,female
7316,white,female
7317,white,male
7318,minority,female
7319,white,male
7320,white,male
7321,minority,female
7322,white,female
7323,white,female
7324,white,male
7325,white,female
7326,minority,female
7327,white,female
7328,white,female
7329,minority,female
7330,white,female
7331,white,male
7332,minority,male
7333,white,female
7334,white,female
7335,white,female
7336,white,female
7337,minority,male
7338,minority,female
7339,minority,female
7340,white,male
7341,minority,female
7342,white,female
7343,white,female
7344,white,female
7345,white,male
7346,minority,female
7347,white,male
7348,white,female
7349,white,male
7350,white,male
7351,white,female
7352,white,male
7353,white,female
7354,white,male
7355,minority,male
7356,white,female
7357,white,female
7358,minority,male
7359,white,female
7360,white,male
7361,minority,male
7362,white,male
7363,white,female
7364,white,female
7365,minority,male
7366,minority,female
7367,minority,female
7368,white,female
7369,white,male
7370,white,male
7371,minority,male
7372,white,male
7373,white,male
7374,minority,female
7375,white,female
7376,white,female
7377,white,male
7378,minority,female
7379,white,male
7380,white,female
7381,white,male
7382,white,male
7383,white,male
7384,white,female
7385,minority,female
7386,white,male
7387,white,male
7388,white,female
7389,minority,female
7390,white,male
7391,minority,female
7392,minority,female
7393,white,male
7394,white,female
7395,white,male
7396,white,male
7397,minority,male
7398,minority,female
7399,white,female
7400,minority,female
7401,white,female
7402,minority,female
7403,minority,male
7404,white,female
7405,minority,female
7406,white,female
7407,white,female
7408,white,female
7409,white,female
7410,white,male
7411,minority,male
7412,white,male
7413,white,male
7414,white,female
7415,white,female
7416,white,female
7417,white,female
7418,white,female
7419,white,female
7420,white,female
7421,white,female
7422,white,female
7423,white,male
7424,white,male
7425,white,female
7426,white,female
7427,white,female
7428,white,female
7429,minority,female
7430,white,female
7431,white,male
7432,white,female
7433,minority,male
7434,white,female
7435,white,female
7436,minority,female
7437,white,female
7438,white,female
7439,minority,female
7440,white,female
7441,white,female
7442,white,male
7443,white,male
7444,white,female
7445,minority,female
7446,white,female
7447,minority,male
7448,white,female
7449,white,female
7450,white,female
7451,white,female
7452,white,female
7453,white,male
7454,minority,male
7455,white,female
7456,minority,female
7457,minority,female
7458,white,male
7459,white,male
7460,white,female
7461,white,female
7462,white,female
7463,minority,male
7464,white,female
7465,white,male
7466,white,female
7467,white,male
7468,white,male
7469,white,male
7470,white,male
7471,white,female
7472,white,male
7473,white,male
7474,white,male
7475,minority,male
7476,white,female
7477,white,female
7478,white,female
7479,white,female
7480,white,male
7481,white,female
7482,white,male
7483,white,female
7484,white,female
7485,minority,male
7486,white,male
7487,white,female
7488,minority,female
7489,white,female
7490,minority,female
7491,white,female
7492,white,male
7493,white,male
7494,white,female
7495,minority,male
7496,minority,female
7497,white,male
7498,minority,female
7499,white,female
7500,minority,male
7501,white,male
7502,white,male
7503,white,female
7504,white,male
7505,white,male
7506,white,female
7507,white,male
7508,minority,female
7509,white,male
7510,white,male
7511,white,female
7512,white,male
7513,white,female
7514,white,female
7515,white,male
7516,white,male
7517,white,female
7518,white,male
7519,white,female
7520,white,female
7521,white,female
7522,white,male
7523,white,male
7524,minority,female
7525,minority,female
7526,minority,female
7527,white,male
7528,white,male
7529,white,female
7530,white,male
7531,white,female
7532,white,female
7533,white,female
7534,white,female
7535,white,female
7536,white,female
7537,white,female
7538,white,female
7539,minority,male
7540,white,male
7541,white,female
7542,white,female
7543,white,male
7544,minority,male
7545,white,male
7546,white,female
7547,white,female
7548,white,male
7549,white,female
7550,white,male
7551,minority,male
7552,minority,female
7553,white,female
7554,minority,female
7555,white,female
7556,white,female
7557,minority,male
7558,white,female
7559,white,male
7560,minority,female
7561,white,female
7562,white,female
7563,white,male
7564,white,female
7565,white,male
7566,white,female
7567,white,male
7568,white,male
7569,white,female
7570,white,male
7571,white,female
7572,white,female
7573,white,male
7574,white,female
7575,white,male
7576,white,female
7577,white,female
7578,white,male
7579,white,female
7580,minority,female
7581,white,female
7582,white,female
7583,white,female
7584,minority,male
7585,white,male
7586,white,female
7587,white,female
7588,minority,female
7589,white,female
7590,white,male
7591,white,female
7592,white,male
7593,white,female
7594,white,male
7595,white,female
7596,white,female
7597,white,female
7598,white,female
7599,white,male
7600,minority,male
7601,white,male
7602,minority,female
7603,minority,female
7604,white,male
7605,white,male
7606,minority,male
7607,white,female
7608,white,female
7609,white,male
7610,white,female
7611,white,male
7612,white,male
7613,white,female
7614,minority,female
7615,white,female
7616,white,male
7617,minority,male
7618,white,male
7619,white,female
7620,white,female
7621,minority,female
7622,white,male
7623,minority,female
7624,white,female
7625,white,female
7626,white,male
7627,white,male
7628,white,female
7629,white,male
7630,white,male
7631,white,female
7632,white,female
7633,white,male
7634,white,male
7635,white,female
7636,minority,female
7637,white,female
7638,white,female
7639,white,male
7640,white,male
7641,minority,female
7642,minority,female
7643,white,male
7644,minority,female
7645,white,female
7646,white,male
7647,white,female
7648,minority,female
7649,white,female
7650,minority,female
7651,white,female
7652,white,female
7653,white,female
7654,minority,female
7655,minority,female
7656,white,female
7657,white,female
7658,minority,male
7659,white,female
7660,white,female
7661,white,female
7662,white,male
7663,white,female
7664,white,female
7665,white,female
7666,minority,male
7667,white,female
7668,white,female
7669,white,female
7670,white,male
7671,white,female
7672,white,female
7673,white,male
7674,white,female
7675,white,female
7676,white,male
7677,white,female
7678,white,female
7679,white,male
7680,white,male
7681,white,female
7682,white,female
7683,minority,male
7684,minority,female
7685,white,male
7686,white,female
7687,white,female
7688,white,female
7689,white,male
7690,white,female
7691,minority,female
7692,white,female
7693,white,female
7694,white,female
7695,minority,female
7696,white,male
7697,white,female
7698,white,male
7699,white,female
7700,minority,female
7701,minority,male
7702,white,female
7703,minority,male
7704,white,male
7705,minority,male
7706,white,male
7707,white,female
7708,minority,female
7709,white,female
7710,white,male
7711,white,female
7712,white,male
7713,white,female
7714,white,male
7715,white,male
7716,minority,male
7717,white,male
7718,white,male
7719,minority,female
7720,white,female
7721,white,female
7722,white,male
7723,white,male
7724,white,male
7725,white,female
7726,white,male
7727,white,male
7728,white,male
7729,white,male
7730,white,male
7731,white,female
7732,minority,female
7733,white,male
7734,white,female
7735,white,male
7736,white,male
7737,white,female
7738,white,female
7739,white,male
7740,white,female
7741,white,female
7742,minority,female
7743,minority,male
7744,white,male
7745,white,female
7746,white,female
7747,white,female
7748,white,female
7749,white,male
7750,white,male
7751,white,female
7752,white,male
7753,white,female
7754,white,male
7755,white,male
7756,white,female
7757,white,female
7758,white,female
7759,white,female
7760,minority,female
7761,white,male
7762,white,male
7763,white,female
7764,minority,female
7765,white,female
7766,white,male
7767,white,male
7768,white,female
7769,white,female
7770,minority,male
7771,white,female
7772,white,female
7773,white,female
7774,minority,male
7775,white,female
7776,minority,male
7777,white,female
7778,white,male
7779,white,male
7780,white,female
7781,minority,male
7782,minority,female
7783,minority,female
7784,white,female
7785,white,male
7786,minority,male
7787,minority,female
7788,white,male
7789,white,male
7790,white,male
7791,white,female
7792,white,male
7793,white,female
7794,white,female
7795,white,male
7796,white,female
7797,minority,male
7798,white,female
7799,white,female
7800,white,male
7801,white,male
7802,white,female
7803,white,female
7804,white,female
7805,minority,male
7806,white,male
7807,minority,male
7808,white,female
7809,minority,female
7810,minority,male
7811,white,female
7812,white,male
7813,white,female
7814,white,female
7815,minority,male
7816,white,female
7817,white,female
7818,minority,male
7819,white,female
7820,white,female
7821,white,female
7822,minority,male
7823,white,female
7824,white,male
7825,white,male
7826,minority,female
7827,white,male
7828,white,female
7829,white,female
7830,white,female
7831,white,male
7832,white,female
7833,minority,male
7834,white,female
7835,minority,male
7836,white,female
7837,minority,male
7838,white,male
7839,minority,female
7840,white,male
7841,minority,male
7842,white,female
7843,minority,female
7844,white,female
7845,white,female
7846,white,female
7847,white,male
7848,white,male
7849,white,female
7850,white,female
7851,white,male
7852,white,female
7853,white,female
7854,minority,female
7855,white,male
7856,white,male
7857,white,male
7858,white,female
7859,white,male
7860,white,female
7861,white,male
7862,minority,female
7863,white,male
7864,minority,female
7865,white,female
7866,white,female
7867,white,male
7868,white,female
7869,minority,male
7870,white,female
7871,white,female
7872,white,female
7873,white,female
7874,white,female
7875,white,female
7876,white,female
7877,white,male
7878,minority,male
7879,minority,male
7880,white,female
7881,minority,female
7882,white,female
7883,white,female
7884,white,female
7885,white,female
7886,white,female
7887,minority,female
7888,white,male
7889,minority,female
7890,white,female
7891,white,male
7892,white,male
7893,white,female
7894,white,female
7895,white,female
7896,white,male
7897,white,male
7898,white,male
7899,minority,female
7900,white,male
7901,white,female
7902,white,female
7903,white,male
7904,white,female
7905,minority,male
7906,white,female
7907,white,female
7908,minority,female
7909,minority,female
7910,white,female
7911,minority,male
7912,white,female
7913,white,female
7914,white,female
7915,white,male
7916,white,female
7917,white,female
7918,white,male
7919,white,female
7920,white,male
7921,white,male
7922,white,female
7923,white,female
7924,white,female
7925,white,female
7926,white,male
7927,white,male
7928,white,female
7929,white,female
7930,white,male
7931,minority,female
7932,white,female
7933,white,female
7934,white,female
7935,white,female
7936,white,female
7937,white,male
7938,minority,female
7939,white,male
7940,minority,female
7941,minority,male
7942,white,female
7943,white,female
7944,white,male
7945,white,male
7946,minority,female
7947,minority,male
7948,white,female
7949,white,female
7950,white,female
7951,white,female
7952,white,male
7953,white,female
7954,white,female
7955,white,female
7956,white,male
7957,minority,female
7958,minority,female
7959,white,female
7960,white,male
7961,white,female
7962,minority,female
7963,white,female
7964,white,male
7965,white,male
7966,white,female
7967,white,male
7968,minority,male
7969,white,female
7970,white,male
7971,white,female
7972,white,female
7973,minority,female
7974,white,female
7975,white,female
7976,white,male
7977,white,female
7978,white,female
7979,white,female
7980,white,female
7981,white,male
7982,white,female
7983,white,female
7984,white,male
7985,white,female
7986,minority,female
7987,white,male
7988,white,female
7989,white,female
7990,white,male
7991,white,female
7992,white,female
7993,minority,female
7994,white,male
7995,white,female
7996,white,male
7997,white,male
7998,white,female
7999,white,female
8000,minority,male
8001,white,female
8002,white,female
8003,white,male
8004,white,male
8005,white,male
8006,white,female
8007,white,male
8008,white,female
8009,white,male
8010,white,male
8011,white,female
8012,white,female
8013,white,male
8014,white,female
8015,white,female
8016,white,female
8017,white,male
8018,white,female
8019,minority,female
8020,minority,male
8021,white,female
8022,white,male
8023,minority,female
8024,white,female
8025,minority,female
8026,white,male
8027,white,male
8028,white,female
8029,white,female
8030,white,male
8031,white,male
8032,minority,female
8033,white,male
8034,white,female
8035,white,male
8036,minority,male
8037,white,female
8038,white,female
8039,white,male
8040,white,male
8041,white,female
8042,white,female
8043,white,male
8044,white,male
8045,white,female
8046,white,female
8047,minority,male
8048,white,female
8049,white,female
8050,minority,male
8051,white,male
8052,white,female
8053,minority,female
8054,white,female
8055,white,female
8056,white,male
8057,minority,female
8058,white,male
8059,white,male
8060,white,female
8061,minority,male
8062,minority,male
8063,white,male
8064,white,male
8065,white,male
8066,white,male
8067,white,male
8068,white,female
8069,white,male
8070,white,male
8071,white,female
8072,white,male
8073,minority,female
8074,minority,male
8075,white,male
8076,white,male
8077,white,female
8078,white,female
8079,white,female
8080,minority,female
8081,white,female
8082,minority,male
8083,white,female
8084,white,male
8085,white,female
8086,white,female
8087,white,female
8088,white,male
8089,white,male
8090,white,male
8091,minority,female
8092,white,male
8093,white,male
8094,white,female
8095,white,female
8096,white,female
8097,minority,female
8098,white,female
8099,white,male
8100,white,male
8101,white,male
8102,white,female
8103,white,female
8104,white,female
8105,white,male
8106,white,female
8107,white,female
8108,white,female
8109,white,female
8110,white,male
8111,white,male
8112,white,male
8113,white,female
8114,white,female
8115,white,female
8116,white,male
8117,white,female
8118,white,female
8119,white,female
8120,white,female
8121,white,male
8122,white,male
8123,white,female
8124,white,male
8125,white,female
8126,white,female
8127,white,male
8128,white,female
8129,minority,male
8130,minority,female
8131,white,female
8132,white,male
8133,minority,female
8134,white,female
8135,white,female
8136,white,female
8137,white,female
8138,white,male
8139,white,female
8140,white,female
8141,white,female
8142,white,female
8143,white,female
8144,minority,male
8145,minority,female
8146,white,female
8147,white,male
8148,white,female
8149,white,female
8150,white,female
8151,minority,male
8152,minority,male
8153,white,male
8154,white,male
8155,white,female
8156,white,female
8157,white,male
8158,minority,female
8159,white,male
8160,minority,female
8161,white,male
8162,white,female
8163,white,female
8164,white,male
8165,white,male
8166,white,female
8167,white,male
8168,minority,female
8169,white,male
8170,minority,male
8171,white,female
8172,white,female
8173,white,female
8174,minority,female
8175,white,male
8176,white,male
8177,white,female
8178,white,female
8179,white,male
8180,white,male
8181,white,male
8182,minority,male
8183,white,male
8184,white,male
8185,white,female
8186,white,female
8187,white,male
8188,white,female
8189,white,female
8190,minority,female
8191,white,male
8192,minority,female
8193,white,male
8194,white,male
8195,white,male
8196,white,male
8197,white,female
8198,white,male
8199,white,male
8200,white,male
8201,white,female
8202,white,female
8203,white,male
8204,white,female
8205,white,female
8206,white,female
8207,white,male
8208,white,female
8209,minority,female
8210,white,female
8211,white,male
8212,white,male
8213,white,female
8214,white,female
8215,white,female
8216,white,female
8217,white,male
8218,white,male
8219,white,female
8220,white,female
8221,minority,female
8222,white,male
8223,white,female
8224,white,female
8225,white,female
8226,white,female
8227,white,female
8228,white,male
8229,white,male
8230,minority,male
8231,white,male
8232,white,female
8233,minority,male
8234,white,male
8235,white,female
8236,white,female
8237,white,male
8238,white,female
8239,white,female
8240,white,female
8241,white,female
8242,white,male
8243,white,male
8244,white,female
8245,white,male
8246,white,male
8247,white,female
8248,white,female
8249,white,female
8250,white,male
8251,white,female
8252,white,female
8253,white,female
8254,white,female
8255,white,female
8256,white,male
8257,white,female
8258,white,female
8259,white,male
8260,white,male
8261,minority,female
8262,white,male
8263,white,female
8264,white,female
8265,minority,female
8266,minority,female
8267,white,female
8268,white,female
8269,minority,female
8270,white,female
8271,white,female
8272,white,female
8273,white,female
8274,white,female
8275,white,male
8276,minority,female
8277,white,male
8278,white,male
8279,white,male
8280,white,male
8281,white,female
8282,white,female
8283,white,female
8284,white,male
8285,white,female
8286,white,female
8287,white,female
8288,minority,male
8289,minority,male
8290,white,female
8291,white,male
8292,white,male
8293,white,female
8294,white,female
8295,white,female
8296,minority,female
8297,white,female
8298,white,female
8299,white,female
8300,white,female
8301,white,female
8302,white,female
8303,white,male
8304,white,male
8305,white,male
8306,white,female
8307,white,female
8308,white,female
8309,white,female
8310,minority,female
8311,white,female
8312,minority,male
8313,white,female
8314,white,female
8315,minority,male
8316,white,female
8317,white,female
8318,minority,male
8319,white,female
8320,white,female
8321,white,male
8322,minority,male
8323,minority,male
8324,white,male
8325,white,female
8326,white,female
8327,minority,male
8328,minority,male
8329,white,female
8330,minority,male
8331,minority,male
8332,white,male
8333,white,female
8334,white,female
8335,white,female
8336,white,female
8337,white,male
8338,white,male
8339,white,female
8340,minority,female
8341,white,female
8342,white,male
8343,white,female
8344,minority,male
8345,white,female
8346,white,female
8347,white,male
8348,minority,female
8349,white,male
8350,white,female
8351,minority,male
8352,minority,male
8353,white,female
8354,white,male
8355,white,female
8356,white,female
8357,white,male
8358,minority,male
8359,white,female
8360,white,female
8361,white,male
8362,white,female
8363,white,female
8364,white,female
8365,white,female
8366,white,male
8367,white,female
8368,white,female
8369,white,female
8370,white,male
8371,minority,female
8372,white,male
8373,minority,male
8374,white,female
8375,white,female
8376,white,female
8377,white,male
8378,white,female
8379,white,female
8380,minority,male
8381,minority,female
8382,white,female
8383,white,female
8384,minority,male
8385,white,male
8386,minority,male
8387,white,female
8388,white,female
8389,minority,female
8390,white,female
8391,white,female
8392,white,female
8393,white,female
8394,minority,female
8395,white,male
8396,white,female
8397,white,female
8398,white,female
8399,white,female
8400,white,male
8401,minority,male
8402,white,female
8403,minority,male
8404,white,female
8405,white,male
8406,white,male
8407,white,male
8408,minority,female
8409,minority,female
8410,white,female
8411,white,female
8412,white,male
8413,white,female
8414,white,male
8415,white,male
8416,white,female
8417,minority,female
8418,white,female
8419,minority,male
8420,minority,female
8421,white,male
8422,white,male
8423,white,female
8424,white,male
8425,white,male
8426,minority,female
8427,white,male
8428,minority,male
8429,minority,female
8430,white,female
8431,white,male
8432,minority,male
8433,white,female
8434,white,male
8435,minority,male
8436,minority,female
8437,white,female
8438,minority,male
8439,white,female
8440,white,female
8441,white,male
8442,white,female
8443,white,female
8444,white,male
8445,white,male
8446,white,female
8447,white,male
8448,white,female
8449,white,male
8450,white,male
8451,white,female
8452,white,female
8453,minority,female
8454,white,male
8455,white,female
8456,white,female
8457,white,female
8458,white,male
8459,white,female
8460,white,male
8461,minority,female
8462,white,female
8463,minority,female
8464,white,female
8465,minority,male
8466,white,male
8467,white,female
8468,white,female
8469,minority,female
8470,white,female
8471,white,male
8472,minority,female
8473,white,female
8474,white,male
8475,white,female
8476,minority,male
8477,white,female
8478,minority,male
8479,white,female
8480,white,female
8481,white,female
8482,white,male
8483,minority,male
8484,minority,female
8485,white,male
8486,white,female
8487,white,female
8488,minority,male
8489,white,female
8490,white,male
8491,minority,male
8492,white,female
8493,white,male
8494,white,female
8495,white,male
8496,white,male
8497,white,female
8498,minority,male
8499,white,female
8500,white,male
8501,white,female
8502,white,female
8503,white,male
8504,minority,female
8505,minority,male
8506,white,female
8507,white,female
8508,white,male
8509,minority,male
8510,white,male
8511,minority,male
8512,minority,female
8513,white,female
8514,minority,male
8515,white,male
8516,minority,female
8517,minority,female
8518,minority,female
8519,white,female
8520,minority,female
8521,white,male
8522,white,male
8523,white,male
8524,white,female
8525,white,female
8526,white,male
8527,minority,female
8528,white,female
8529,white,female
8530,white,male
8531,white,female
8532,white,male
8533,white,male
8534,minority,female
8535,minority,female
8536,white,female
8537,minority,male
8538,white,female
8539,white,male
8540,white,male
8541,white,female
8542,white,female
8543,white,female
8544,minority,male
8545,white,female
8546,minority,male
8547,white,male
8548,minority,male
8549,white,female
8550,minority,female
8551,white,male
8552,white,male
8553,white,female
8554,minority,female
8555,white,male
8556,minority,female
8557,white,female
8558,white,female
8559,white,female
8560,white,female
8561,white,male
8562,white,female
8563,white,female
8564,minority,male
8565,white,male
8566,white,female
8567,white,female
8568,white,male
8569,white,female
8570,white,male
8571,white,female
8572,white,male
8573,white,female
8574,white,female
8575,minority,male
8576,white,female
8577,white,female
8578,white,female
8579,minority,female
8580,minority,female
8581,white,female
8582,white,male
8583,white,male
8584,white,male
8585,white,male
8586,minority,female
8587,white,male
8588,white,female
8589,white,female
8590,white,female
8591,white,female
8592,white,male
8593,white,female
8594,minority,male
8595,white,male
8596,white,female
8597,white,female
8598,minority,male
8599,minority,female
8600,minority,female
8601,minority,male
8602,white,male
8603,white,female
8604,white,female
8605,white,male
8606,white,male
8607,minority,male
8608,white,male
8609,white,female
8610,white,male
8611,white,male
8612,white,male
8613,white,female
8614,white,female
8615,white,male
8616,minority,male
8617,white,female
8618,white,female
8619,white,male
8620,white,female
8621,white,male
8622,white,male
8623,white,female
8624,white,female
8625,white,male
8626,white,female
8627,white,male
8628,white,female
8629,white,female
8630,white,male
8631,white,male
8632,white,female
8633,white,female
8634,white,female
8635,white,male
8636,white,female
8637,white,female
8638,minority,male
8639,minority,female
8640,white,female
8641,white,male
8642,white,female
8643,white,male
8644,minority,male
8645,minority,male
8646,white,male
8647,white,male
8648,white,male
8649,white,male
8650,minority,female
8651,minority,male
8652,white,female
8653,white,female
8654,minority,female
8655,white,female
8656,white,male
8657,white,male
8658,white,female
8659,white,female
8660,white,male
8661,minority,male
8662,white,male
8663,white,female
8664,white,female
8665,white,female
8666,white,female
8667,white,female
8668,minority,female
8669,white,male
8670,white,male
8671,white,male
8672,white,female
8673,minority,female
8674,white,female
8675,white,female
8676,white,female
8677,white,female
8678,white,male
8679,white,male
8680,white,female
8681,white,male
8682,white,female
8683,minority,male
8684,white,female
8685,minority,female
8686,white,male
8687,white,female
8688,white,female
8689,minority,female
8690,white,female
8691,white,female
8692,white,male
8693,minority,male
8694,white,male
8695,white,male
8696,minority,male
8697,white,male
8698,minority,male
8699,minority,female
8700,white,female
8701,white,male
8702,white,male
8703,minority,female
8704,white,male
8705,white,male
8706,white,male
8707,white,female
8708,white,female
8709,white,male
8710,white,male
8711,white,male
8712,white,female
8713,white,female
8714,minority,female
8715,white,male
8716,white,female
8717,minority,female
8718,white,male
8719,white,male
8720,white,female
8721,white,male
8722,white,female
8723,white,female
8724,minority,female
8725,white,male
8726,white,female
8727,white,male
8728,white,female
8729,white,male
8730,white,male
8731,white,female
8732,minority,female
8733,white,female
8734,minority,female
8735,white,female
8736,white,female
8737,white,female
8738,white,male
8739,white,female
8740,white,female
8741,minority,female
8742,white,female
8743,white,female
8744,white,female
8745,white,female
8746,white,male
8747,white,female
8748,white,female
8749,white,female
8750,minority,female
8751,white,male
8752,minority,male
8753,minority,female
8754,white,female
8755,white,male
8756,minority,male
8757,white,male
8758,white,male
8759,minority,male
8760,white,female
8761,white,male
8762,white,female
8763,minority,female
8764,white,male
8765,white,male
8766,minority,male
8767,white,female
8768,white,female
8769,white,male
8770,white,female
8771,minority,male
8772,minority,female
8773,white,female
8774,white,female
8775,white,female
8776,white,female
8777,white,female
8778,white,male
8779,white,female
8780,white,male
8781,white,female
8782,white,female
8783,white,female
8784,white,female
8785,white,male
8786,white,male
8787,minority,female
8788,white,female
8789,white,male
8790,minority,female
8791,minority,male
8792,white,male
8793,minority,female
8794,white,male
8795,white,female
8796,white,female
8797,white,female
8798,white,male
8799,white,male
8800,white,male
8801,white,male
8802,white,male
8803,minority,female
8804,white,female
8805,white,male
8806,white,male
8807,white,male
8808,white,male
8809,white,female
8810,white,male
8811,white,female
8812,white,female
8813,white,male
8814,minority,male
8815,minority,female
8816,white,female
8817,white,female
8818,white,male
8819,white,male
8820,white,female
8821,white,female
8822,white,female
8823,white,female
8824,white,male
8825,white,female
8826,white,male
8827,white,female
8828,white,female
8829,white,female
8830,white,female
8831,white,female
8832,white,male
8833,white,female
8834,white,male
8835,white,female
8836,white,female
8837,white,male
8838,white,male
8839,white,female
8840,minority,female
8841,white,male
8842,white,female
8843,white,male
8844,white,male
8845,white,male
8846,white,female
8847,white,male
8848,minority,female
8849,white,male
8850,white,male
8851,minority,female
8852,white,female
8853,white,female
8854,white,male
8855,white,female
8856,minority,male
8857,minority,male
8858,minority,male
8859,white,female
8860,white,male
8861,minority,female
8862,white,male
8863,white,female
8864,white,female
8865,white,female
8866,white,female
8867,white,male
8868,white,male
8869,minority,male
8870,white,female
8871,white,female
8872,minority,male
8873,white,female
8874,white,female
8875,white,male
8876,white,male
8877,white,male
8878,white,male
8879,white,female
8880,white,female
8881,white,male
8882,white,female
8883,white,female
8884,white,male
8885,white,male
8886,white,female
8887,white,male
8888,white,female
8889,white,male
8890,minority,male
8891,white,female
8892,white,male
8893,white,female
8894,white,male
8895,white,female
8896,white,male
8897,white,male
8898,white,female
8899,white,male
8900,white,male
8901,white,female
8902,white,female
8903,white,female
8904,minority,female
8905,white,female
8906,white,female
8907,white,male
8908,white,male
8909,white,male
8910,white,female
8911,minority,female
8912,white,female
8913,white,female
8914,white,male
8915,white,male
8916,white,female
8917,white,female
8918,minority,male
8919,white,male
8920,white,female
8921,white,female
8922,minority,female
8923,white,female
8924,white,female
8925,white,male
8926,white,male
8927,white,male
8928,white,female
8929,white,female
8930,white,male
8931,white,female
8932,white,female
8933,white,female
8934,white,male
8935,minority,male
8936,minority,male
8937,white,male
8938,minority,female
8939,white,male
8940,minority,female
8941,minority,female
8942,white,male
8943,white,female
8944,white,male
8945,white,male
8946,white,female
8947,white,male
8948,white,female
8949,white,female
8950,white,male
8951,white,female
8952,minority,female
8953,white,male
8954,white,female
8955,white,female
8956,white,male
8957,white,female
8958,white,male
8959,white,female
8960,white,male
8961,white,female
8962,white,male
8963,white,male
8964,white,female
8965,minority,male
8966,white,female
8967,white,female
8968,minority,male
8969,minority,male
8970,white,male
8971,minority,female
8972,white,female
8973,minority,female
8974,white,female
8975,white,female
8976,minority,female
8977,white,male
8978,white,female
8979,white,female
8980,white,male
8981,white,male
8982,white,male
8983,white,female
8984,white,male
8985,white,female
8986,white,male
8987,white,male
8988,white,female
8989,white,female
8990,white,male
8991,white,male
8992,white,female
8993,white,female
8994,white,male
8995,white,male
8996,white,male
8997,white,male
8998,white,male
8999,white,female
9000,white,female
9001,white,female
9002,white,female
9003,white,male
9004,white,male
9005,minority,male
9006,white,female
9007,white,female
9008,white,male
9009,minority,male
9010,minority,male
9011,white,male
9012,minority,female
9013,white,male
9014,white,female
9015,minority,female
9016,white,female
9017,minority,female
9018,white,female
9019,white,male
9020,white,male
9021,white,male
9022,minority,female
9023,white,male
9024,white,female
9025,white,female
9026,white,male
9027,white,female
9028,white,male
9029,minority,female
9030,white,female
9031,white,female
9032,white,female
9033,white,male
9034,white,male
9035,white,female
9036,minority,male
9037,white,female
9038,white,male
9039,white,female
9040,minority,female
9041,white,male
9042,white,female
9043,white,male
9044,white,female
9045,white,female
9046,minority,female
9047,white,male
9048,white,female
9049,white,male
9050,white,male
9051,white,female
9052,white,female
9053,white,male
9054,white,male
9055,minority,female
9056,white,male
9057,white,female
9058,white,female
9059,minority,male
9060,white,female
9061,white,male
9062,white,female
9063,white,male
9064,minority,female
9065,white,male
9066,white,female
9067,white,female
9068,white,male
9069,minority,male
9070,white,female
9071,white,male
9072,white,female
9073,minority,female
9074,white,female
9075,white,female
9076,minority,female
9077,white,female
9078,white,female
9079,white,female
9080,minority,female
9081,white,female
9082,white,male
9083,white,male
9084,minority,male
9085,white,female
9086,white,female
9087,minority,female
9088,white,female
9089,white,female
9090,minority,male
9091,minority,male
9092,minority,male
9093,minority,male
9094,white,male
9095,white,female
9096,white,male
9097,white,female
9098,minority,female
9099,white,male
9100,white,male
9101,white,male
9102,white,male
9103,white,male
9104,white,female
9105,white,male
9106,white,male
9107,white,female
9108,white,male
9109,white,female
9110,white,female
9111,white,male
9112,white,female
9113,white,female
9114,white,female
9115,white,male
9116,white,female
9117,white,male
9118,white,male
9119,white,male
9120,minority,male
9121,white,female
9122,white,female
9123,white,female
9124,minority,male
9125,minority,male
9126,white,female
9127,white,female
9128,white,male
9129,white,female
9130,white,male
9131,minority,female
9132,white,male
9133,white,female
9134,minority,male
9135,minority,female
9136,white,female
9137,white,female
9138,minority,female
9139,white,female
9140,white,female
9141,white,male
9142,white,male
9143,white,female
9144,white,female
9145,minority,female
9146,white,male
9147,minority,male
9148,white,female
9149,minority,male
9150,minority,female
9151,white,female
9152,white,female
9153,white,female
9154,white,female
9155,white,female
9156,white,female
9157,white,female
9158,minority,female
9159,white,male
9160,white,female
9161,white,male
9162,white,female
9163,white,male
9164,minority,male
9165,white,male
9166,white,male
9167,minority,female
9168,white,male
9169,white,male
9170,white,male
9171,white,male
9172,white,female
9173,white,male
9174,white,male
9175,white,male
9176,white,male
9177,white,female
9178,white,female
9179,white,female
9180,white,female
9181,white,female
9182,minority,female
9183,white,female
9184,white,male
9185,minority,male
9186,white,female
9187,minority,male
9188,white,male
9189,white,female
9190,minority,female
9191,white,male
9192,white,male
9193,white,male
9194,white,female
9195,white,female
9196,minority,female
9197,white,female
9198,white,female
9199,minority,male
9200,white,female
9201,white,female
9202,white,female
9203,white,male
9204,minority,male
9205,white,female
9206,white,male
9207,white,male
9208,white,female
9209,white,male
9210,white,male
9211,white,male
9212,white,female
9213,white,female
9214,white,male
9215,white,male
9216,white,male
9217,white,female
9218,white,female
9219,white,male
9220,white,female
9221,white,female
9222,minority,female
9223,white,female
9224,white,female
9225,white,female
9226,white,female
9227,white,female
9228,white,female
9229,white,male
9230,white,male
9231,white,female
9232,white,female
9233,white,male
9234,white,male
9235,minority,male
9236,white,female
9237,white,female
9238,white,female
9239,white,male
9240,minority,female
9241,minority,female
9242,minority,male
9243,white,female
9244,white,male
9245,white,female
9246,white,female
9247,white,female
9248,minority,female
9249,white,female
9250,white,female
9251,minority,male
9252,white,male
9253,minority,female
9254,white,male
9255,white,male
9256,white,female
9257,white,male
9258,white,female
9259,minority,female
9260,white,male
9261,white,female
9262,white,female
9263,white,female
9264,minority,male
9265,white,male
9266,white,female
9267,white,male
9268,white,male
9269,white,female
9270,white,female
9271,white,female
9272,minority,male
9273,white,female
9274,white,female
9275,white,male
9276,white,female
9277,white,female
9278,white,male
9279,white,male
9280,white,female
9281,white,female
9282,white,female
9283,minority,male
9284,white,male
9285,white,female
9286,white,female
9287,white,male
9288,white,female
9289,white,male
9290,white,male
9291,white,male
9292,white,female
9293,white,female
9294,white,male
9295,white,male
9296,white,male
9297,minority,male
9298,white,female
9299,white,female
9300,white,male
9301,white,female
9302,minority,male
9303,white,male
9304,minority,female
9305,white,female
9306,white,female
9307,white,female
9308,minority,male
9309,white,male
9310,white,female
9311,white,male
9312,white,female
9313,white,male
9314,white,female
9315,minority,female
9316,white,male
9317,white,male
9318,white,male
9319,white,female
9320,white,female
9321,white,female
9322,white,male
9323,minority,male
9324,white,female
9325,minority,male
9326,white,female
9327,white,male
9328,minority,male
9329,white,female
9330,minority,female
9331,white,male
9332,white,male
9333,white,male
9334,minority,female
9335,minority,female
9336,white,male
9337,minority,female
9338,white,female
9339,minority,female
9340,white,female
9341,white,male
9342,white,male
9343,white,female
9344,white,male
9345,white,male
9346,white,male
9347,white,female
9348,white,female
9349,white,female
9350,white,female
9351,white,male
9352,minority,female
9353,white,female
9354,white,female
9355,white,female
9356,white,female
9357,white,male
9358,minority,male
9359,white,male
9360,white,male
9361,white,male
9362,white,female
9363,white,male
9364,white,female
9365,white,female
9366,white,female
9367,white,male
9368,white,female
9369,white,female
9370,white,male
9371,white,female
9372,white,female
9373,white,male
9374,minority,male
9375,minority,female
9376,white,female
9377,minority,male
9378,minority,male
9379,white,male
9380,minority,male
9381,white,female
9382,minority,male
9383,white,male
9384,white,male
9385,white,female
9386,white,male
9387,white,female
9388,white,male
9389,white,male
9390,white,male
9391,white,female
9392,white,female
9393,minority,male
9394,white,male
9395,white,male
9396,white,male
9397,white,female
9398,white,male
9399,white,female
9400,minority,female
9401,minority,female
9402,white,male
9403,white,female
9404,white,male
9405,minority,female
9406,white,male
9407,minority,male
9408,white,male
9409,white,male
9410,white,male
9411,white,male
9412,white,male
9413,white,female
9414,white,male
9415,minority,female
9416,white,female
9417,minority,female
9418,minority,female
9419,white,female
9420,white,female
9421,white,male
9422,white,female
9423,white,female
9424,white,female
9425,white,female
9426,minority,male
9427,white,male
9428,white,male
9429,white,female
9430,white,female
9431,white,female
9432,white,female
9433,white,female
9434,white,male
9435,white,female
9436,white,female
9437,white,male
9438,white,male
9439,white,male
9440,white,male
9441,white,female
9442,minority,male
9443,minority,female
9444,white,male
9445,white,male
9446,white,male
9447,minority,male
9448,white,female
9449,white,female
9450,minority,male
9451,minority,male
9452,white,female
9453,white,female
9454,white,male
9455,white,male
9456,white,male
9457,white,female
9458,white,male
9459,white,female
9460,minority,female
9461,white,male
9462,white,female
9463,white,female
9464,white,female
9465,white,female
9466,white,female
9467,white,male
9468,white,female
9469,white,male
9470,white,male
9471,white,male
9472,white,male
9473,white,female
9474,white,male
9475,white,male
9476,white,male
9477,white,female
9478,white,female
9479,minority,female
9480,white,female
9481,white,female
9482,white,male
9483,white,male
9484,white,female
9485,white,female
9486,white,female
9487,minority,male
9488,white,female
9489,white,female
9490,white,male
9491,white,male
9492,white,female
9493,white,female
9494,white,female
9495,minority,female
9496,white,female
9497,white,female
9498,white,male
9499,minority,female
9500,white,female
9501,minority,male
9502,white,male
9503,white,male
9504,white,female
9505,white,female
9506,white,male
9507,white,male
9508,minority,male
9509,white,female
9510,white,female
9511,white,male
9512,white,male
9513,white,female
9514,white,male
9515,white,female
9516,white,male
9517,white,male
9518,white,male
9519,white,female
9520,white,male
9521,white,female
9522,white,male
9523,white,male
9524,white,male
9525,white,female
9526,white,female
9527,white,female
9528,white,female
9529,minority,female
9530,white,male
9531,white,female
9532,minority,female
9533,white,male
9534,minority,female
9535,white,female
9536,white,male
9537,white,male
9538,white,female
9539,white,female
9540,minority,male
9541,minority,female
9542,white,female
9543,white,female
9544,white,female
9545,minority,female
9546,white,female
9547,white,male
9548,white,female
9549,white,female
9550,minority,female
9551,white,male
9552,white,female
9553,white,female
9554,minority,female
9555,white,male
9556,white,female
9557,white,male
9558,white,male
9559,white,female
9560,minority,female
9561,white,female
9562,white,male
9563,white,male
9564,white,female
9565,white,female
9566,white,female
9567,white,female
9568,white,female
9569,white,female
9570,minority,female
9571,minority,male
9572,white,female
9573,white,female
9574,minority,male
9575,white,male
9576,minority,male
9577,white,female
9578,minority,male
9579,minority,male
9580,white,female
9581,minority,female
9582,white,female
9583,white,male
9584,minority,female
9585,white,female
9586,white,male
9587,minority,male
9588,white,male
9589,white,male
9590,white,female
9591,minority,female
9592,white,female
9593,white,female
9594,white,male
9595,white,female
9596,minority,female
9597,white,female
9598,minority,female
9599,white,male
9600,white,female
9601,minority,male
9602,white,male
9603,white,female
9604,white,female
9605,white,male
9606,white,male
9607,white,female
9608,white,female
9609,white,male
9610,white,male
9611,white,male
9612,white,female
9613,white,male
9614,white,male
9615,white,female
9616,white,male
9617,minority,male
9618,white,female
9619,white,female
9620,white,male
9621,white,female
9622,white,male
9623,white,male
9624,white,male
9625,white,female
9626,white,female
9627,white,female
9628,white,female
9629,white,female
9630,white,female
9631,white,female
9632,white,female
9633,minority,female
9634,white,female
9635,white,female
9636,minority,male
9637,white,male
9638,white,female
9639,white,female
9640,white,female
9641,white,male
9642,white,female
9643,white,male
9644,white,male
9645,white,male
9646,white,male
9647,white,female
9648,minority,male
9649,white,male
9650,white,female
9651,white,female
9652,white,male
9653,white,female
9654,minority,female
9655,white,female
9656,minority,male
9657,white,female
9658,minority,female
9659,white,female
9660,white,female
9661,white,female
9662,white,female
9663,white,male
9664,white,female
9665,white,male
9666,minority,male
9667,white,male
9668,white,male
9669,minority,female
9670,white,male
9671,white,male
9672,white,male
9673,white,male
9674,white,male
9675,white,female
9676,white,female
9677,white,female
9678,white,male
9679,white,male
9680,white,male
9681,white,male
9682,white,female
9683,white,female
9684,minority,male
9685,white,female
9686,white,female
9687,white,female
9688,white,female
9689,minority,female
9690,white,male
9691,white,female
9692,white,male
9693,white,male
9694,white,female
9695,minority,female
9696,white,female
9697,minority,female
9698,white,female
9699,white,female
9700,minority,male
9701,white,male
9702,white,female
9703,white,female
9704,white,male
9705,white,male
9706,white,female
9707,minority,male
9708,white,female
9709,white,female
9710,white,female
9711,minority,female
9712,white,female
9713,white,male
9714,white,male
9715,white,male
9716,minority,female
9717,white,male
9718,minority,male
9719,white,female
9720,minority,female
9721,white,male
9722,white,male
9723,white,female
9724,minority,female
9725,white,female
9726,white,female
9727,white,female
9728,minority,male
9729,minority,female
9730,white,male
9731,minority,female
9732,white,female
9733,minority,female
9734,white,male
9735,white,male
9736,minority,male
9737,white,female
9738,minority,male
9739,minority,female
9740,white,male
9741,white,male
9742,white,female
9743,white,female
9744,white,female
9745,minority,male
9746,minority,male
9747,white,female
9748,white,male
9749,minority,female
9750,white,female
9751,white,female
9752,white,male
9753,white,female
9754,white,male
9755,white,female
9756,white,female
9757,white,female
9758,minority,female
9759,white,female
9760,white,female
9761,white,male
9762,white,female
9763,minority,female
9764,minority,male
9765,white,female
9766,minority,female
9767,minority,female
9768,white,female
9769,white,male
9770,white,male
9771,minority,female
9772,white,male
9773,white,female
9774,white,male
9775,minority,female
9776,minority,female
9777,minority,female
9778,white,female
9779,white,female
9780,white,male
9781,white,male
9782,white,male
9783,white,female
9784,minority,male
9785,white,male
9786,white,female
9787,minority,female
9788,white,male
9789,white,male
9790,white,male
9791,minority,male
9792,white,female
9793,white,female
9794,white,male
9795,minority,female
9796,minority,male
9797,minority,male
9798,white,female
9799,white,male
9800,white,female
9801,white,female
9802,white,female
9803,white,female
9804,white,male
9805,white,female
9806,white,male
9807,minority,female
9808,white,male
9809,white,female
9810,white,male
9811,white,male
9812,white,male
9813,minority,male
9814,white,female
9815,white,female
9816,minority,male
9817,white,female
9818,minority,female
9819,white,female
9820,white,female
9821,minority,female
9822,white,female
9823,white,female
9824,white,male
9825,white,male
9826,white,male
9827,minority,male
9828,white,female
9829,white,male
9830,minority,male
9831,white,male
9832,white,female
9833,white,male
9834,white,female
9835,white,male
9836,white,female
9837,white,male
9838,minority,female
9839,white,female
9840,white,female
9841,white,male
9842,minority,female
9843,white,female
9844,white,male
9845,white,female
9846,white,female
9847,white,female
9848,white,female
9849,white,female
9850,white,male
9851,white,female
9852,white,male
9853,white,female
9854,minority,male
9855,white,male
9856,white,female
9857,minority,female
9858,white,female
9859,white,female
9860,white,male
9861,white,male
9862,white,male
9863,white,male
9864,white,female
9865,white,female
9866,white,male
9867,white,male
9868,minority,female
9869,white,female
9870,white,male
9871,white,male
9872,white,male
9873,white,male
9874,white,male
9875,white,male
9876,minority,male
9877,white,female
9878,white,male
9879,white,male
9880,white,female
9881,white,female
9882,white,female
9883,white,male
9884,white,female
9885,white,female
9886,white,male
9887,minority,female
9888,minority,female
9889,white,male
9890,white,female
9891,white,female
9892,white,female
9893,white,female
9894,white,female
9895,white,female
9896,white,male
9897,white,female
9898,minority,male
9899,white,female
9900,white,male
9901,white,male
9902,white,female
9903,white,female
9904,minority,female
9905,white,male
9906,white,female
9907,white,female
9908,minority,female
9909,white,female
9910,white,female
9911,white,male
9912,minority,female
9913,white,male
9914,white,female
9915,white,male
9916,white,female
9917,white,male
9918,white,male
9919,white,female
9920,white,male
9921,white,male
9922,white,female
9923,minority,female
9924,white,female
9925,minority,female
9926,white,female
9927,white,female
9928,white,male
9929,white,female
9930,minority,female
9931,white,female
9932,minority,female
9933,minority,male
9934,white,male
9935,white,male
9936,minority,male
9937,white,male
9938,minority,female
9939,white,female
9940,white,male
9941,white,female
9942,white,female
9943,white,male
9944,white,female
9945,white,female
9946,minority,female
9947,white,female
9948,minority,male
9949,white,male
9950,white,female
9951,white,female
9952,white,male
9953,white,male
9954,white,female
9955,white,female
9956,white,female
9957,white,male
9958,white,female
9959,white,male
9960,minority,female
9961,white,female
9962,white,male
9963,white,female
9964,white,female
9965,white,male
9966,white,male
9967,white,female
9968,white,female
9969,minority,male
9970,white,male
9971,white,male
9972,white,male
9973,white,female
9974,white,male
9975,minority,male
9976,white,female
9977,white,male
9978,white,female
9979,white,female
9980,white,female
9981,white,female
9982,white,female
9983,minority,male
9984,white,male
9985,white,female
9986,minority,female
9987,white,female
9988,white,male
9989,white,male
9990,minority,male
9991,white,female
9992,white,female
9993,white,male
9994,white,female
9995,minority,female
9996,white,female
9997,minority,male
9998,white,female
9999,white,female
10000,white,female
10001,minority,female
10002,white,female
10003,white,male
10004,white,female
10005,white,female
10006,white,male
10007,white,female
10008,white,male
10009,minority,female
10010,white,male
10011,white,male
10012,white,male
10013,white,female
10014,white,female
10015,white,male
10016,white,male
10017,minority,female
10018,white,female
10019,white,male
10020,white,male
10021,white,male
10022,minority,female
10023,white,female
10024,white,male
10025,white,female
10026,white,male
10027,white,male
10028,white,female
10029,minority,male
10030,white,female
10031,minority,female
10032,white,male
10033,white,male
10034,white,female
10035,white,female
10036,white,male
10037,white,male
10038,white,male
10039,white,male
10040,minority,male
10041,white,female
10042,white,male
10043,white,female
10044,white,female
10045,minority,female
10046,white,male
10047,white,male
10048,white,female
10049,white,male
10050,minority,female
10051,minority,female
10052,minority,male
10053,white,female
10054,minority,male
10055,white,female
10056,minority,female
10057,minority,female
10058,white,male
10059,minority,male
10060,white,female
10061,minority,male
10062,white,female
10063,white,female
10064,minority,female
10065,white,female
10066,white,male
10067,minority,male
10068,white,female
10069,white,female
10070,white,female
10071,white,female
10072,white,female
10073,minority,female
10074,white,female
10075,white,female
10076,white,female
10077,white,female
10078,white,female
10079,white,male
10080,white,female
10081,white,male
10082,minority,female
10083,white,female
10084,white,male
10085,minority,female
10086,white,male
10087,minority,male
10088,minority,male
10089,minority,female
10090,minority,male
10091,white,male
10092,white,female
10093,white,female
10094,white,male
10095,white,male
10096,white,female
10097,white,female
10098,white,female
10099,white,male
10100,white,male
10101,white,female
10102,white,male
10103,white,female
10104,white,female
10105,white,male
10106,white,female
10107,minority,female
10108,white,male
10109,white,male
10110,white,female
10111,white,female
10112,minority,male
10113,white,male
10114,minority,female
10115,white,female
10116,minority,male
10117,white,female
10118,white,female
10119,minority,female
10120,minority,female
10121,white,female
10122,minority,male
10123,minority,male
10124,white,female
10125,white,female
10126,white,female
10127,minority,female
10128,white,female
10129,white,male
10130,white,male
10131,white,male
10132,minority,female
10133,white,female
10134,minority,female
10135,white,male
10136,minority,female
10137,white,male
10138,white,female
10139,white,female
10140,white,male
10141,white,female
10142,white,female
10143,white,female
10144,minority,male
10145,minority,female
10146,white,female
10147,white,female
10148,white,male
10149,minority,male
10150,white,female
10151,white,male
10152,minority,male
10153,white,female
10154,white,female
10155,white,male
10156,white,male
10157,white,female
10158,white,male
10159,white,female
10160,white,female
10161,minority,male
10162,white,female
10163,white,male
10164,white,male
10165,white,female
10166,white,female
10167,white,male
10168,white,male
10169,white,female
10170,white,female
10171,minority,male
10172,white,female
10173,white,female
10174,white,female
10175,white,female
10176,white,female
10177,minority,female
10178,white,female
10179,white,male
10180,white,male
10181,white,male
10182,white,female
10183,white,male
10184,minority,female
10185,white,female
10186,white,female
10187,white,male
10188,white,male
10189,white,male
10190,white,male
10191,white,female
10192,white,female
10193,white,female
10194,white,male
10195,white,male
10196,white,male
10197,white,male
10198,white,female
10199,white,female
10200,white,female
10201,minority,female
10202,white,female
10203,white,male
10204,white,female
10205,white,male
10206,white,female
10207,white,male
10208,white,male
10209,white,female
10210,minority,male
10211,white,male
10212,white,female
10213,white,female
10214,minority,female
10215,minority,female
10216,white,male
10217,minority,male
10218,white,male
10219,minority,male
10220,white,female
10221,white,male
10222,white,female
10223,white,female
10224,minority,male
10225,white,male
10226,white,male
10227,white,male
10228,white,female
10229,white,female
10230,minority,male
10231,white,male
10232,white,female
10233,white,male
10234,minority,female
10235,white,female
10236,white,female
10237,white,male
10238,minority,female
10239,white,male
10240,minority,female
10241,minority,male
10242,white,male
10243,minority,female
10244,white,male
10245,white,male
10246,white,male
10247,white,male
10248,white,female
10249,white,female
10250,minority,female
10251,white,female
10252,white,female
10253,white,female
10254,minority,female
10255,white,female
10256,white,female
10257,white,female
10258,white,male
10259,minority,male
10260,white,female
10261,white,female
10262,white,female
10263,white,female
10264,minority,male
10265,white,male
10266,white,female
10267,white,female
10268,white,male
10269,white,male
10270,white,male
10271,white,male
10272,white,male
10273,white,female
10274,white,female
10275,white,male
10276,white,female
10277,minority,male
10278,white,female
10279,white,male
10280,white,female
10281,minority,female
10282,white,female
10283,white,male
10284,white,male
10285,white,male
10286,white,female
10287,minority,female
10288,white,female
10289,white,female
10290,white,male
10291,white,male
10292,white,male
10293,minority,female
10294,minority,female
10295,white,female
10296,white,female
10297,white,female
10298,white,female
10299,white,female
10300,white,female
10301,white,male
10302,white,female
10303,minority,female
10304,white,male
10305,minority,male
10306,white,female
10307,white,female
10308,white,female
10309,white,female
10310,white,female
10311,white,female
10312,minority,female
10313,white,female
10314,white,male
10315,white,male
10316,white,male
10317,white,male
10318,white,female
10319,minority,female
10320,minority,male
10321,white,female
10322,white,female
10323,white,female
10324,white,male
10325,minority,female
10326,white,female
10327,minority,female
10328,white,female
10329,white,male
10330,white,female
10331,white,female
10332,minority,female
10333,minority,female
10334,white,male
10335,white,female
10336,white,male
10337,white,female
10338,white,female
10339,white,male
10340,white,male
10341,white,male
10342,white,male
10343,white,female
10344,minority,male
10345,white,male
10346,white,female
10347,white,female
10348,white,female
10349,minority,male
10350,white,male
10351,white,female
10352,minority,female
10353,white,male
10354,white,female
10355,white,female
10356,white,female
10357,minority,male
10358,white,female
10359,minority,female
10360,white,male
10361,white,female
10362,white,male
10363,white,female
10364,minority,female
10365,white,female
10366,white,female
10367,minority,male
10368,minority,female
10369,white,male
10370,white,female
10371,white,male
10372,white,female
10373,minority,male
10374,white,female
10375,white,male
10376,minority,female
10377,white,male
10378,white,male
10379,white,female
10380,white,male
10381,white,male
10382,white,female
10383,white,male
10384,white,female
10385,white,female
10386,white,female
10387,white,female
10388,white,female
10389,white,female
10390,white,male
10391,white,male
10392,white,female
10393,white,female
10394,white,female
10395,minority,female
10396,white,male
10397,white,female
10398,white,female
10399,minority,female
10400,white,male
10401,minority,female
10402,minority,female
10403,minority,female
10404,minority,male
10405,white,female
10406,white,female
10407,minority,male
10408,white,female
10409,white,male
10410,white,female
10411,white,male
10412,white,male
10413,white,female
10414,white,male
10415,white,male
10416,minority,male
10417,white,female
10418,white,female
10419,white,female
10420,white,female
10421,white,female
10422,white,female
10423,minority,female
10424,minority,female
10425,minority,male
10426,white,female
10427,white,male
10428,white,female
10429,white,male
10430,white,female
10431,white,male
10432,white,male
10433,white,male
10434,white,male
10435,white,female
10436,white,male
10437,white,female
10438,white,female
10439,white,female
10440,white,female
10441,minority,female
10442,white,male
10443,white,female
10444,white,female
10445,white,female
10446,white,male
10447,white,female
10448,white,male
10449,minority,female
10450,minority,female
10451,white,female
10452,white,male
10453,minority,female
10454,minority,female
10455,white,male
10456,white,female
10457,white,male
10458,white,female
10459,white,male
10460,white,female
10461,minority,male
10462,white,male
10463,white,male
10464,minority,female
10465,white,female
10466,white,male
10467,minority,female
10468,minority,male
10469,minority,female
10470,white,male
10471,minority,female
10472,white,male
10473,white,male
10474,white,male
10475,white,female
10476,minority,male
10477,white,male
10478,minority,female
10479,white,female
10480,white,male
10481,white,female
10482,white,male
10483,minority,female
10484,white,male
10485,white,female
10486,minority,male
10487,minority,male
10488,minority,male
10489,white,female
10490,minority,male
10491,white,male
10492,white,male
10493,minority,female
10494,white,female
10495,white,male
10496,white,female
10497,white,female
10498,white,male
10499,white,female
10500,white,female
10501,white,male
10502,white,male
10503,minority,female
10504,white,male
10505,minority,male
10506,white,female
10507,white,male
10508,white,male
10509,white,female
10510,white,female
10511,white,female
10512,minority,male
10513,white,female
10514,white,female
10515,minority,female
10516,minority,male
10517,white,male
10518,minority,male
10519,white,female
10520,white,male
10521,minority,male
10522,white,female
10523,minority,female
10524,white,female
10525,white,male
10526,white,male
10527,white,female
10528,white,female
10529,white,female
10530,minority,male
10531,white,male
10532,white,male
10533,white,male
10534,white,female
10535,white,male
10536,white,female
10537,minority,female
10538,white,female
10539,white,male
10540,white,male
10541,white,female
10542,white,female
10543,white,male
10544,white,female
10545,white,female
10546,white,female
10547,white,male
10548,white,male
10549,white,male
10550,white,female
10551,white,male
10552,white,female
10553,white,male
10554,white,female
10555,white,male
10556,white,female
10557,white,female
10558,white,female
10559,white,female
10560,white,female
10561,white,female
10562,white,female
10563,white,female
10564,white,male
10565,white,female
10566,minority,male
10567,white,female
10568,white,male
10569,minority,female
10570,white,male
10571,white,female
10572,white,male
10573,white,female
10574,white,female
10575,white,male
10576,white,female
10577,white,female
10578,white,male
10579,minority,male
10580,white,female
10581,white,female
10582,white,male
10583,white,male
10584,white,female
10585,white,male
10586,white,female
10587,white,female
10588,white,female
10589,white,female
10590,white,female
10591,white,female
10592,white,female
10593,white,female
10594,minority,female
10595,minority,female
10596,white,male
10597,white,female
10598,white,female
10599,minority,male
10600,white,female
10601,white,male
10602,white,female
10603,white,male
10604,minority,female
10605,white,female
10606,white,male
10607,white,female
10608,white,female
10609,white,female
10610,white,female
10611,minority,female
10612,white,male
10613,white,female
10614,minority,female
10615,white,female
10616,white,male
10617,minority,male
10618,white,male
10619,white,female
10620,white,male
10621,minority,female
10622,white,male
10623,minority,male
10624,white,female
10625,white,male
10626,white,female
10627,minority,male
10628,minority,male
10629,white,female
10630,white,female
10631,white,male
10632,white,female
10633,minority,female
10634,white,female
10635,minority,female
10636,minority,male
10637,white,male
10638,minority,female
10639,white,female
10640,minority,female
10641,white,female
10642,white,male
10643,minority,female
10644,white,female
10645,white,female
10646,white,male
10647,white,female
10648,white,male
10649,white,female
10650,minority,male
10651,minority,male
10652,white,male
10653,white,female
10654,white,female
10655,white,male
10656,minority,female
10657,white,female
10658,minority,female
10659,white,male
10660,white,male
10661,white,female
10662,white,male
10663,minority,female
10664,white,female
10665,white,male
10666,white,male
10667,white,male
10668,white,female
10669,white,female
10670,white,female
10671,minority,female
10672,white,female
10673,white,female
10674,white,male
10675,white,female
10676,white,female
10677,white,male
10678,white,female
10679,minority,female
10680,white,female
10681,white,female
10682,white,female
10683,white,male
10684,white,female
10685,white,male
10686,minority,female
10687,white,male
10688,minority,female
10689,white,male
10690,minority,female
10691,white,female
10692,minority,female
10693,white,female
10694,white,female
10695,white,female
10696,white,male
10697,minority,female
10698,white,female
10699,white,male
10700,white,male
10701,white,male
10702,white,male
10703,minority,male
10704,white,female
10705,white,male
10706,white,female
10707,white,female
10708,white,female
10709,white,male
10710,white,male
10711,white,female
10712,white,female
10713,white,male
10714,white,male
10715,white,female
10716,minority,male
10717,minority,female
10718,white,female
10719,white,female
10720,white,female
10721,white,female
10722,white,female
10723,white,male
10724,white,male
10725,white,male
10726,white,male
10727,white,female
10728,white,male
10729,white,female
10730,white,female
10731,white,male
10732,white,female
10733,white,female
10734,white,female
10735,white,female
10736,minority,female
10737,minority,male
10738,white,female
10739,white,female
10740,white,male
10741,white,female
10742,white,male
10743,white,female
10744,white,male
10745,white,female
10746,white,female
10747,white,female
10748,white,female
10749,white,female
10750,white,female
10751,white,male
10752,white,female
10753,white,female
10754,white,male
10755,minority,female
10756,white,male
10757,white,female
10758,white,female
10759,minority,female
10760,white,female
10761,white,female
10762,white,male
10763,white,male
10764,white,female
10765,white,female
10766,white,male
10767,white,female
10768,white,male
10769,white,female
10770,white,female
10771,minority,female
10772,minority,male
10773,white,female
10774,minority,female
10775,white,female
10776,white,female
10777,white,male
10778,white,female
10779,white,male
10780,white,female
10781,minority,female
10782,white,male
10783,white,male
10784,white,female
10785,minority,male
10786,white,female
10787,white,male
10788,white,female
10789,white,male
10790,white,female
10791,minority,female
10792,minority,female
10793,white,female
10794,minority,female
10795,white,female
10796,white,female
10797,minority,female
10798,white,male
10799,minority,female
10800,white,female
10801,white,female
10802,white,male
10803,minority,female
10804,white,female
10805,white,female
10806,white,female
10807,white,male
10808,minority,female
10809,white,female
10810,minority,female
10811,white,female
10812,white,female
10813,white,female
10814,white,male
10815,white,female
10816,white,male
10817,white,male
10818,white,female
10819,white,female
10820,minority,male
10821,white,male
10822,white,female
10823,white,male
10824,white,female
10825,white,female
10826,white,male
10827,minority,male
10828,white,female
10829,white,female
10830,white,female
10831,white,male
10832,white,male
10833,white,male
10834,minority,male
10835,white,female
10836,white,male
10837,white,male
10838,white,female
10839,white,male
10840,white,male
10841,minority,female
10842,white,female
10843,white,female
10844,white,male
10845,white,male
10846,minority,female
10847,white,male
10848,white,male
10849,white,female
10850,white,female
10851,white,male
10852,white,female
10853,white,female
10854,white,male
10855,minority,male
10856,white,female
10857,white,male
10858,white,female
10859,white,female
10860,minority,male
10861,minority,female
10862,minority,female
10863,minority,male
10864,white,male
10865,white,male
10866,white,female
10867,white,male
10868,minority,male
10869,white,female
10870,white,female
10871,white,male
10872,minority,female
10873,white,female
10874,white,female
10875,minority,female
10876,white,female
10877,white,male
10878,white,female
10879,minority,female
10880,white,female
10881,minority,female
10882,white,female
10883,white,female
10884,white,female
10885,white,female
10886,minority,female
10887,white,female
10888,white,female
10889,minority,male
10890,white,female
10891,white,female
10892,white,female
10893,white,male
10894,minority,female
10895,white,female
10896,white,female
10897,white,male
10898,white,female
10899,white,female
10900,white,female
10901,white,male
10902,white,female
10903,white,male
10904,minority,male
10905,minority,female
10906,minority,female
10907,minority,female
10908,minority,female
10909,white,male
10910,minority,female
10911,white,female
10912,white,female
10913,white,female
10914,white,female
10915,white,male
10916,white,female
10917,white,female
10918,minority,male
10919,white,female
10920,white,female
10921,white,male
10922,white,female
10923,minority,female
10924,white,male
10925,white,male
10926,white,female
10927,white,female
10928,white,female
10929,white,female
10930,white,female
10931,white,female
10932,white,male
10933,white,female
10934,white,female
10935,white,female
10936,minority,female
10937,white,female
10938,white,female
10939,white,female
10940,white,female
10941,minority,female
10942,white,female
10943,white,female
10944,white,female
10945,white,female
10946,white,female
10947,white,male
10948,white,female
10949,white,male
10950,white,male
10951,white,female
10952,white,female
10953,white,male
10954,white,female
10955,white,male
10956,white,male
10957,white,male
10958,white,female
10959,white,female
10960,white,female
10961,white,female
10962,white,male
10963,white,female
10964,minority,male
10965,white,male
10966,white,female
10967,minority,female
10968,white,male
10969,white,female
10970,white,female
10971,white,female
10972,white,female
10973,white,female
10974,minority,female
10975,white,male
10976,white,female
10977,white,male
10978,white,female
10979,white,female
10980,white,female
10981,white,female
10982,white,female
10983,white,female
10984,minority,male
10985,white,female
10986,white,male
10987,white,female
10988,white,male
10989,white,male
10990,minority,male
10991,white,female
10992,white,female
10993,minority,female
10994,white,male
10995,white,male
10996,white,female
10997,white,male
10998,white,female
10999,minority,male
11000,minority,female